{"cameraMode":{"drawMode":0,"name":"Shaded","section":"Shading Mode"},"sceneLighting":false,"audioPlay":false,"sceneViewState":{"showFog":true,"showMaterialUpdate":false,"showSkybox":true,"showFlares":true,"showImageEffects":true,"showParticleSystems":true},"in2DMode":false,"pivot":{"x":0.32868051528930666,"y":0.5307713747024536,"z":-0.12902379035949708},"rotation":{"x":-0.2697139084339142,"y":-0.35000959038734438,"z":0.10597612708806992,"w":-0.8907956480979919},"size":2.0293760299682619,"orthographic":false}