{"cameraMode":{"drawMode":0,"name":"Shaded","section":"Shading Mode"},"sceneLighting":false,"audioPlay":false,"sceneViewState":{"showFog":true,"showMaterialUpdate":false,"showSkybox":true,"showFlares":true,"showImageEffects":true,"showParticleSystems":true},"in2DMode":false,"pivot":{"x":-148.12400817871095,"y":1.2979989051818848,"z":-0.8880020380020142},"rotation":{"x":-0.10620982199907303,"y":-0.6483637094497681,"z":0.09203068166971207,"w":-0.748247504234314},"size":1.0733965635299683,"orthographic":false}