{"cameraMode":{"drawMode":0,"name":"Shaded","section":"Shading Mode"},"sceneLighting":false,"audioPlay":false,"sceneViewState":{"showFog":true,"showMaterialUpdate":false,"showSkybox":true,"showFlares":true,"showImageEffects":true,"showParticleSystems":true},"in2DMode":false,"pivot":{"x":-3.2213196754455568,"y":14.343523979187012,"z":13.560676574707032},"rotation":{"x":0.04576048627495766,"y":0.9095754623413086,"z":-0.3996656537055969,"w":0.10414376109838486},"size":3.5867981910705568,"orthographic":false}