{"cameraMode":{"drawMode":0,"name":"Shaded","section":"Shading Mode"},"sceneLighting":false,"audioPlay":false,"sceneViewState":{"showFog":true,"showMaterialUpdate":false,"showSkybox":true,"showFlares":true,"showImageEffects":true,"showParticleSystems":true},"in2DMode":false,"pivot":{"x":-0.0031423568725585939,"y":0.07055816054344177,"z":0.000001430511474609375},"rotation":{"x":0.10806121677160263,"y":0.890639066696167,"z":-0.33676624298095705,"w":0.2857856750488281},"size":37.12965393066406,"orthographic":false}